ุงูููู ุงูุดุฑูู,ุงุณู ุงููููู,ููุน ุงููุนุงููุฉ,ููุน ุงูุฃุฏุจ,ุงูููุทูุฉ ุงูุงุฏุฑุงูุฉ,ุงููุฏููุฉ,ุชุตููู ุงููุจุงุฏุฑุฉ,ุนููุงู ุงููุนุงููุฉ,ูุตู ุงููุนุงููุฉ,ุชุงุฑูุฎ ุงูุจุฏุงูุฉ,ููุช ุงูุจุฏุงูุฉ,ุชุงุฑูุฎ ุงูููุงูุฉ,ููุช ุงูููุงูุฉ,ุงุณู ุงูุถูู,ุงูุชูุซูู
sixtyonemin@gmail.com,ูููู 61 ุฏูููุฉ,-,-,ุงูุฑูุงุถ,ุงูุฑูุงุถ,ูุณุงููุฉ,ุงุณุชุจุฏู ูุชุงุจู,ุงุณุชุจุฏู ูุชุงุจู,11/1/2023,8:00ู,11/1/2023,10:00ู,-,https://drive.google.com/drive/folders/1OoaBJHgtSfbinChJ-IroogVnrEFbSrEZ?usp=drive_link
IB@ashjarcafe.com,ูููู ุงุดุฌุงุฑ,ูุญุงุถุฑุฉ,ุงููุซุฑ ุงูุฎูุงูู,ุงูุฑูุงุถ,ุงูุฑูุงุถ,ูุนุงููุฉ,ูููู ูู ููุงูู ุงููุตุญู ุงูุญุงููู,ูุฌููุนู ูู ุงูุงุดุนุงุฑ ุงููุตุญู ุงููุตูุฑู ุ ูุงููุตูุต ุงูุงุฏุจูู .,10/21/2023,8:00ู,10/21/2023,10:00ู,ุฃุญูุงู ุงููุงุณู,https://drive.google.com/drive/folders/1BVepktQ-ycP10foi7N2q3lpUHMKo1YnZ?usp=drive_link
antiquecofe100@gmail.com,ูููู ุงูุชูู,ุญููุฉ ููุงุดูุฉ,ุงููุซุฑ ุงูุบูุฑ ุฎูุงูู,ููุฉ ุงูููุฑูุฉ,ููุฉ,ูุนุงููุฉ,ูุฏููุฉ ุจูุตู ููุจ,1 ูุงูุด ูุงุฆุฏุฉ ุงููุฏุฑุณุฉ 2 ู ุญูุงุฑ ููุณูู ุฌูู ูุถูุฉ ูุฏููุฉ ุจูุตู ููุจ ุชูุฏู ุจูููุฌูุฉ P4C,9/9/2023,8:00ู,9/9/2023,10:00ู,ูุฆุงู ุงูุญุจุดู,https://drive.google.com/drive/folders/1ydIT1zuG4lIumjg8NkVGGDQVOLdiuq0l?usp=drive_link
incoffee@mustqr.org,ูููู ุฅู,ุฌูุณุฉ ุญูุงุฑูุฉ,ุงููุซุฑ ุงูุบูุฑ ุฎูุงูู,ุงูููุทูุฉ ุงูุดุฑููุฉ,ุงูุธูุฑุงู,ูุนุงููุฉ,ูู ูุงูุฐุฉ ุงููุต ุฅูู ุงููุดูุฏ,ูุชุญุฏุซ ูุนูุง ุงููุงูุฏ ุงูุณูููุงุฆู ูุงููุชุฑุฌู ุฃููู ุตุงูุญ ุนู ุงูุดุนุฑูุฉ ุงูุณูููุงุฆูุฉ ูุฑุญูุชุฉ ูู ุงููุดูุฏ ุงูุฃุฏุจู,09/13/2023,8:00ู,09/13/2023,10:00ู,ุฃููู ุตุงูุญ,https://x.com/inCoffee_sa/status/1704238493361217837?s=20
incoffee@mustqr.org,ูููู ุฅู,ุฌูุณุฉ ุญูุงุฑูุฉ,ุงููุซุฑ ุงูุบูุฑ ุฎูุงูู,ุงูููุทูุฉ ุงูุดุฑููุฉ,ุงูุธูุฑุงู,ูุนุงููุฉ,ูู ููุงุทู ุงูููููุฉ ุฅูู ุฃูุงุฏููุง,ุนู ูุบุฉ ูู ุบูุฑ ุตูุช ูุฌูุจ ูู ููุงุด ูุนุฑูู ุนู ูุบุฉ ุงูุฅุดุงุฑุฉ ูุฌูุงููุง ููุดุงุฑูุชูุง ูู ุงูุฃุฏุจ,09/20/2023,8:00ู,09/20/2023,10:00ู,ุนุจุฏุงูููุงุจ ุงูุจุงุจุทูู,https://x.com/inCoffee_sa/status/1704847271580357058?s=20
incoffee@mustqr.org,ูููู ุฅู,ุฌูุณุฉ ุญูุงุฑูุฉ,ุงููุซุฑ ุงูุบูุฑ ุฎูุงูู,ุงูููุทูุฉ ุงูุดุฑููุฉ,ุงูุธูุฑุงู,ูุนุงููุฉ,ุงูุชุฑุฌูุฉ ุงูุซูุงููุฉ ูุฏูุฑูุง ูู ุงูุชุจุงุฏู ูุงูุชูุณุน ุงูุซูุงูู,ุนู ุงูุฏูุฑ ุงููุนุงู ุงูุชุฑุฌูุฉ ูู ุงูุชุจุงุฏู ูุงูุชูุณุน ุงูุซูุงูู ูุฃุซุฑูุง ุนูู ุงููุฑุฏ ูุงููุฌุชูุน,09/26/2023,8:00ู,09/26/2023,10:00ู,ุนุจูุฑ ุญูุงุฏ,https://x.com/inCoffee_sa/status/1706654545751793831?s=20
incoffee@mustqr.org,ูููู ุฅู,ุฌูุณุฉ ุญูุงุฑูุฉ,ุงููุซุฑ ุงูุบูุฑ ุฎูุงูู,ุงูููุทูุฉ ุงูุดุฑููุฉ,ุงูุธูุฑุงู,ูุนุงููุฉ,ูู ุธู ุงูุชุฑุฌูุฉ ุงูุซูุงููุฉ ุฅูู ููุฑูุง,ูุฑุดุฉ ุนูู ููุฏู ูู ุฎูุงููุง ุฃุณุงุณูุงุช ุงูุชุฑุฌูุฉ ุงูุนุฑุจูุฉ ูุชูุฌููุงุช ุนูููุฉ ุชุณุงุนุฏ ุงููุชุฑุฌู ููุชุนุงูู ูุน ุนูุจุงุช ุงูุชุฑุฌูุฉ,09/26/2023,8:00ู,09/26/2023,10:00ู,ููุง ุงูุจูุนููู,https://drive.google.com/file/d/1kLSKQuhRnQCwvvlDVdN8fxYyIDOEaVLN/view?usp=sharing
paradigmyanbu@gmail.com,ูููู ุจุงุฑุงุฏุงูู,-,-,ุงููุฏููุฉ ุงููููุฑุฉ,ููุจุน,ูุณุงููุฉ,ูุฑุงุกุฉ ูุฑุณู ุงููุงูุบุง,ูุณุงููุฉ ุงูุตุงููู ุงูุฃุฏุจู ุจุงุฑุงุฏุงูู ุจุฏุนูุฉ ูุญุจูู ุงููุงูุบุง ููุดุงุฑูุชูุง ููุงูุงุชูู ูุฑุณููู ููุดุฎุตูุงุช ููู ุซู ุฅุจุชูุงุฑ ูุตุฉ ูุญุจูุฉ ูู ูุงูุน ุงูุฎูุงู ูุชุตุจุญ ูููุง ุจุนุฏ ูุตุฉ ูุฑุณููู ููุคููุฉ ูู ูุจููู,2/12/2024,8:00ู,2/12/2024,10:00ู,ุฃุนุถุงุก ุงูุตุงููู ุงูุฃุฏุจู ุจุงุฑุงุฏุงูู,https://drive.google.com/drive/folders/1LsWigTTgOi5T5_B8GHCI-e88sVi7VMPI?usp=drive_link
mjo.alotaibi@gmail.com,ูููู ุจุญุฑ ุงููููุฉ,-,-,ุงูููุทูุฉ ุงูุดุฑููุฉ,ุงูุฌุจูู,ูุณุงููุฉ,ูุณุงููุฉ ุงูููุชุจุฉ,--,02/21/2024,8:00ู,02/21/2024,10:00ู,-,https://drive.google.com/drive/folders/1E-5Nc7O0sMU75PsYyqKgT6wZiVEoC9G1?usp=drive_link
brewhemiancoffee@gmail.com,ูููู ุจุฑูููููุงู,ุญููุฉ ููุงุดูุฉ,ุงูุฏุฑุงุณุงุช,ุงูููุทูุฉ ุงูุดุฑููุฉ,ุงูุฎุจุฑ,ูุนุงููุฉ,ุงูุจุฏุงูุฉ ูู ูุง ุดูุก,ุชุฌูุน ุฎุทุงุจู ูููุงุฑุณุฉ ููุงุฑุงุช ุงูุฎุทุงุจุฉ,9/12/2023,8:00ู,9/12/2023,10:00ู,ุนุจุฏุงููุงุฌุฏ ุนุซูุงูู,https://drive.google.com/file/d/1gRQXGLrRzxLwvEmSYkSVM-zdFHSVzgzZ/view?usp=drive_link
brewhemiancoffee@gmail.com,ูููู ุจุฑูููููุงู,ุญููุฉ ููุงุดูุฉ,ุงููุซุฑ ุงูุบูุฑ ุฎูุงูู,ุงูููุทูุฉ ุงูุดุฑููุฉ,ุงูุฎุจุฑ,ูุนุงููุฉ,ุงุซููููุฉ ุจุฑูุฌ,ููุณูุฉ ุงูุฌูุงู ูู ุณููููุงุช ุงูุจุดุฑ ุงููุฎุชููุฉ,09/18/2023,8:00ู,09/18/2023,10:00ู,"ุณูุทุงู ุงูุฏูุณุฑู
ุฃุณุงูุฉ ุงุจูุญูุงุณ",https://www.instagram.com/reel/CxWVE3AICFu/?igshid=MTc4MmM1YmI2Ng==
brewhemiancoffee@gmail.com,ูููู ุจุฑูููููุงู,ุญููุฉ ููุงุดูุฉ,ุงูุฏุฑุงุณุงุช,ุงูููุทูุฉ ุงูุดุฑููุฉ,ุงูุฎุจุฑ,ูุนุงููุฉ,ุฃุดูุงู ุงูุชููู ููุชุฑุงุซ ุงูุฃุฏุจู ุงููููุงูู/ ุงูุชุซุงูู ูุน ุงูุบูุฑ,ุงุณุชุถุงูุฉ ุงูุฏูุชูุฑ ุณูููุงู ุงููุงุตุฑ ูููุงูุดุฉ ุงูุชุฑุงุซ ุงูุฃุฏุจู,09/29/2023,8:00ู,09/29/2023,10:00ู,ุงูุฏูุชูุฑ/ ุณูููุงู ุงููุงุตุฑ,https://drive.google.com/file/d/1AmJvsjqZr7BUfOvlHmeYt55jfd_04IA9/view?usp=drive_link
brewhemiancoffee@gmail.com,ูููู ุจุฑูููููุงู,ุญููุฉ ููุงุดูุฉ,ุงููุซุฑ ุงูุบูุฑ ุฎูุงูู,ุงูููุทูุฉ ุงูุดุฑููุฉ,ุงูุฎุจุฑ,ูุนุงููุฉ,ุงุซููููุฉ ุจุฑูุฌ,ูู ูููุณูุฉ ุงููู ูุงูุฌูุงู ูุงูุฃุฏุจ ูุบุฉ ููุญุฏุฉุ,10/30/2023,8:00ู,10/30/2023,10:00ู,ุณูุทุงู ุงูุฏูุณุฑู,https://drive.google.com/drive/folders/1SuZ1LFLm7s3kMy-Nke3OuXMTKiMdUUrf?usp=drive_link
beehivespacekh@gmail.com,ูููู ุจููุงูู,ูุญุงุถุฑุฉ,ุงูุดุนุฑ,ุงูุฑูุงุถ,ุงูุฎุฑุฌ,ูุนุงููุฉ,ุฃูุชุจ ูุตุชู,ุฃูุชุจ ูุตุชู,10/11/2023,8:00ู,10/11/2023,10:00ู,ูุฑูู ุจููุงูู,https://drive.google.com/drive/folders/1BlxbSyKCRc57b0eZFnr_YiucH2LF5KpE?usp=drive_link
info@tashkeell.sa,ูููู ุชุดููู,ุฌูุณุฉ ุญูุงุฑูุฉ,ุงูุฃุฏุจ ุงููุตูุฑ,ุงูุฑูุงุถ,ุงูุฑูุงุถ,ูุนุงููุฉ,ูุงู ูุงูุง ูุงู,ููุงูุดุฉ ูุชุงุจ ูุญูู ุชูููุน ูุฃุณุงุณูุงุช ุธููุฑ ุงููุงุชุจ ุฅุนูุงูููุง,09/19/2023,8:00ู,09/19/2023,10:00ู,ุฌูุนูุฉ ุงูุณุงู,
info@tashkeell.sa,ูููู ุชุดููู,ุฌูุณุฉ ุญูุงุฑูุฉ,ุงูุดุนุฑ,ุงูุฑูุงุถ,ุงูุฑูุงุถ,ูุนุงููุฉ,ุงูุงุฏุจ ุจูุบุฉ ุงูุงุดุงุฑุฉ,ุชูุงูุด ุงูุฑุฆูุณ ุงูุชูููุฐู ูููุฆุฉ ูููู ุงูุนูุงุฑุฉ ูุงูุชุตููู ุชุฌุฑุจุชูุง ุงูุซูุงููุฉ ูุงูุฃุฏุจูุฉ ูุงุจุนุงุฏ ุงููุชุงุจุฉ ุงูุฅุจุฏุงุนูุฉ,09/22/2023,8:00ู,09/22/2023,10:00ู,ุฌูุนูุฉ ุงูุณุนูุฏูุฉ ููุงุนุงูุฉ ุงูุณูุนูุฉ,
info@tashkeell.sa,ูููู ุชุดููู,-,-,ุงูุฑูุงุถ,ุงูุฑูุงุถ,ูุณุงููุฉ,ูุณุชุดูู ุงูููู ุนุจุฏุงููู ุงูุชุฎุตุตู,-,09/25/2023,8:00ู,09/25/2023,10:00ู,-,
info@tashkeell.sa,ูููู ุชุดููู,ุญููุฉ ููุงุดูุฉ,ุงูุดุนุฑ,ุงูุฑูุงุถ,ุงูุฑูุงุถ,ูุนุงููุฉ,ุนู ุงููุบุฉ ูุงููููุฉ,ูุฃุฎุฐูุง ุงูุฏูุชูุฑ ุนูู ุงููููุฉ ุงููุฒูุฑ ุงูุณุงุจู ููุฒุงุฑุฉ ุงูุนูู ูุงูุดุคูู ุงูุงุฌุชูุงุนูุฉ ูุงูุฃุณุชุงุฐ ูู ุฌุงูุนุฉ ุงูุฅูุงู ูุญูุฏ ุจู ุณุนูุฏ ุงูุฅุณูุงููุฉ ูู ุญุฏูุซ ุญูู ุงููุบุฉ ูุงููููุฉ ุงูุนุฑุจูุฉ.,11/20/2023,8:00ู,11/20/2023,10:00ู,ุนูู ุงููููุฉ,https://x.com/TashkeellCafe/status/1726676521056928032?s=20
algady0@gmail.com,ูููู ุญุจุฑ,ุดุนุฑ,ูุจุทู,ุงููุฏููุฉ ุงููููุฑุฉ,ุงููุฏููุฉ ุงููููุฑุฉ,ูุนุงููุฉ,ุงูุณูุงู ุงููุบูู ูููููู ูุฃูููุชู,,12/18/2023,8:00ู,12/18/2023,10:00ู,ุณูุทุงู ุทุงุณุฌู,https://drive.google.com/drive/folders/1pCwdusi3nsOp_R_56B1PxeomJfGBLBrM?usp=drive_link
algady0@gmail.com,ูููู ุญุจุฑ,ุดุนุฑ,ูุจุทู,ุงููุฏููุฉ ุงููููุฑุฉ,ุงููุฏููุฉ ุงููููุฑุฉ,ูุนุงููุฉ,ุฌูุณุฉ ุญูุงุฑูุฉ - ุงูุดุนุฑ ุงูุฏูุดูู,,1/4/2024,8:00ู,1/4/2024,10:00ู,ููุซู ุงููุฎููุงุชู,https://drive.google.com/drive/folders/1r7i5qt-c4QUs3BZDmZKZvwBij-VWlPXi?usp=drive_link
algady0@gmail.com,ูููู ุญุจุฑ,ุดุนุฑ,ูุจุทู,ุงููุฏููุฉ ุงููููุฑุฉ,ุงููุฏููุฉ ุงููููุฑุฉ,ูุนุงููุฉ,ุงููุฌูุงุช ุงูุงุฏุจูุฉ ูุงูููุงุญู ุงูุซูุงููุฉ,,3/10/2024,8:00ู,3/10/2024,10:00ู,ุตุงูุญ ุงูุญุณููู,https://drive.google.com/drive/folders/1pG4Qb-jEDzDxm-NmVLVyDky7oFH-m8ME?usp=drive_link
algady0@gmail.com,ูููู ุญุจุฑ,-,-,ุงููุฏููุฉ ุงููููุฑุฉ,ุงููุฏููุฉ ุงููููุฑุฉ,ูุณุงููุฉ,ุงูููู ุงูุนุงููู ููุชุงุจ,-,04/30/2024,8:00ู,04/30/2024,10:00ู,ุงูููู ุงูุนุงููู ููุชุงุจ,https://drive.google.com/drive/folders/1zhZPpOkknVdjnv00-fdkLaHnEgYuOWDa?usp=drive_link
algady0@gmail.com,ูููู ุญุจุฑ,ุดุนุฑ,ูุจุทู,ุงููุฏููุฉ ุงููููุฑุฉ,ุงููุฏููุฉ ุงููููุฑุฉ,ูุนุงููุฉ,ุนูุฏ ูุฃุฏุจ,,04/30/2024,8:00ู,04/30/2024,10:00ู,ุฃ.ุณูุงุญ ุงูุฎุทูุจ,https://drive.google.com/drive/folders/1neRhWwX44FOyqfftgBf4yKQAZoS2pUK6?usp=drive_link
aalting@live.com,ูููู ุฐุง ููุจ,ุฌูุณุฉ ุญูุงุฑูุฉ,ุงููุซุฑ ุงูุบูุฑ ุฎูุงูู,ุงูุดุฑููุฉ,ุงูุฎุจุฑ,ูุนุงููุฉ,ุชูุฒูุนุงุช ุงูุงุญุชูุงุก ุจุงูููู ุงูุนุงููู ููุชุฑุฌูุฉ,-,10/30/2023,8:00ู,10/30/2023,10:00ู,ุฐุงูุจ,https://drive.google.com/drive/folders/1mjEI08fnFXxiDWXaFbk03c14w8v-O_ax?usp=sharing
aalting@live.com,ูููู ุฐุง ููุจ,ุฌูุณุฉ ุญูุงุฑูุฉ,ุงูุดุนุฑ,ุงูุดุฑููุฉ,ุงูุฎุจุฑ,ูุนุงููุฉ,ุชูุฒูุนุงุช ุงูุงุญุชูุงุก ุจุงูููู ุงูุนุงููู ููุชุฑุฌูุฉ,-,10/29/2023,8:00ู,10/29/2023,10:00ู,ุทูุงุจ ุฌุงูุนุฉ ุงูุงูุงู ุนุจุฏุงูุฑุญูู ุจู ููุตู,https://drive.google.com/drive/folders/1mjEI08fnFXxiDWXaFbk03c14w8v-O_ax?usp=sharing
recipeksa.partner@gmail.com,ูููู ุฑูุณูุจู,-,-,ุงูุฑูุงุถ,ุงูุฑูุงุถ,ูุณุงููุฉ,ุชูุฒูุน ูุตุต ุนูู ุงูุฃุทูุงู,ูุชู ุฒูุงุฑุฉ ูุณู ุงูุชูููู (ุงูุฃุทูุงู) ูุชูุฒูุน ุจุงูุฉ ูู ุงููุตุต ุนูู ุงูุฃุทูุงู ูู ุจุงุจ ุงููุณุงููุฉ ุงููุฌุชูุนูุฉ ููุฐูู ุชุดุฌูุนูู ุนูู ุงููุฑุงุกุฉ ูุฅุฏุฎุงู ูุณุฑูุฑ ุนูููู,01/28/2024,8:00ู,01/28/2024,10:00ู,-,https://drive.google.com/drive/folders/1oj3mydvCrEHKcvnIgb-yn6cUr6vRFUk3
recipeksa.partner@gmail.com,ูููู ุฑูุณูุจู,-,-,ุงูุฑูุงุถ,ุงูุฑูุงุถ,ูุณุงููุฉ,ูุณุงุจูุฉ ูุตุงุญุจุฉ ูุฑุญูุฉ ุงูุฃุฏุจ,ูุณุงุจูุฉ ุฏุงุฎููู ูู ุฑูุณูุจู ูุงููู ููุฌูู ููุญุถูุฑุ ููู ุฎูุงู ูุดุงุฑูุชูู ูุชู ุชูุฒูุน ูุฌููุนุงุช ูุตุตูุฉ ูู ูุคููุงุช ุณูุงุญ ูููู,03/27/2024,8:00ู,03/27/2024,10:00ู,_,https://drive.google.com/drive/folders/1-Paqkn1dT1-n_7tAFALI637L4oMEc_2v
Marketing2@ratio.sa,ูููู ุฑูุดูู,ุฌูุณุฉ ุญูุงุฑูุฉ,ุงููุซุฑ ุงูุบูุฑ ุฎูุงูู,ุงูุดุฑููุฉ,ุงูุฏูุงู,ูุนุงููุฉ,ุญูุงูุง ุชุฒูุฑ,ุจุงูุชุนุงูู ูุน ููุชุจุฉ ุญูุงูุง ุงูุฃุทูุงู ูุงููุงูุนูู ูุงูุชู ุชูุฏู ูุนุงููุฉ ูุตุต ููุฃุทูุงู ูุงูุดุทุฉ,1/11/2024,8:00ู,1/11/2024,10:00ู,ููุชุจุฉ ุญูุงูุง,https://firebasestorage.googleapis.com/v0/b/domais-events-management.appspot.com/o/users%2FOma1dyWliBhLrRAvH1KPVpmSOGg1%2Fuploads%2F1705909707974000.jpeg?alt=media&token=a0f2de08-91ef-47a6-9995-6573145695f0
Marketing2@ratio.sa,ูููู ุฑูุดูู,ุญููุฉ ููุงุดูุฉ,ุงูุงุฏุจ ุงููุตูุฑ,ุงูุบุฑุจูุฉ,ููุฉ,ูุนุงููุฉ,ุงูููุณูุฉ ูู ููุนุฏูุง ุชูุงูุงู,ุงูููุณูุฉ ูู ุชูุณูุฑ ุงููุดููุงุช ูุงูุธูุงูุฑ ุงูุนุตุฑูุฉุ ๐นุนูุงูุฉ ุญุงุถุฑ ุงูุฅูุณุงู ุจุงูููุฑูุซ ุงูุซูุงููุ ๐นูููุฉ ุงูุฅูุณุงู ูู ุนุตุฑ ุงูุฑุฃุณูุงููุฉ ูุงูุชูููุฉ ุงููุชุทูุฑุฉ ูุงูุฐูุงุก ุงูุงุตุทูุงุนู. ๐นุชูุฏูุฑ ุงููู ูุงูุฃุฏุจ ููุงุจู ุงููุงุฏุฉ ูุงูุชูููุฉ.,01/20/2024,8:00ู,01/20/2024,10:00ู,ูุงูู ุงู ูุชูู,https://firebasestorage.googleapis.com/v0/b/domais-events-management.appspot.com/o/users%2FOma1dyWliBhLrRAvH1KPVpmSOGg1%2Fuploads%2F1705830527207000.jpeg?alt=media&token=c3667a53-675a-49e0-85c2-1c32332ffa5c
Marketing2@ratio.sa,ูููู ุฑูุดูู,ุฌูุณุฉ ุญูุงุฑูุฉ,ุงููุซุฑ ุงูุบูุฑ ุฎูุงูู,ุงูุฎุจุฑ,ุงูุฎุจุฑ,ูุนุงููุฉ,ุฃุซุฑู ุงูุฃุฏูุจ ุจุฏุงุฎูู,ูุนุงููุฉ ููููุธููู ูุนูููุงุช ุฃุซุฑุงุฆูุฉ ูู ูุฌุงู ุงูุฃุฏุจ ูุงูุดุนุฑ,01/22/2024,8:00ู,01/22/2024,10:00ู,ุฑุบุฏ ุนุจุฏุงููู,https://firebasestorage.googleapis.com/v0/b/domais-events-management.appspot.com/o/users%2FOma1dyWliBhLrRAvH1KPVpmSOGg1%2Fuploads%2F1705917141337000.jpeg?alt=media&token=05aa34e6-7bbb-4df3-9ff1-78f553f509c5
Marketing2@ratio.sa,ูููู ุฑูุดูู,ุญููุฉ ููุงุดูุฉ,ุงูุงุฏุจ ุงููุตูุฑ,ุงูุฎุจุฑ,ุงูุฎุจุฑ,ูุนุงููุฉ,ุดุงุนุฑุงู ุฃููู ุงู ุฃุฏูุจุ,ุฎูู ุงูุดุฎุตูุฉ ุดุงุนุฑ ุฃู ุฃุฏูุจ,01/22/2024,8:00ู,01/22/2024,10:00ู,ุฑุบุฏ ุนุจุฏุงููู,https://firebasestorage.googleapis.com/v0/b/domais-events-management.appspot.com/o/users%2FOma1dyWliBhLrRAvH1KPVpmSOGg1%2Fuploads%2F1706177590927000.jpeg?alt=media&token=1c0da8b8-54ec-4fa2-bbb1-83f474f48de1
Marketing2@ratio.sa,ูููู ุฑูุดูู,ุญููุฉ ููุงุดูุฉ,ุฏุฑุงุณุงุช,ุงูุฑูุงุถ,ุงูุฑูุงุถ,ูุนุงููุฉ,ูููุงู ููุงู,ูุญุงุถุฑุฉ ุชุญุช ุนููุงู ูููุงู ููุงู ุจุงูุชุนุงูู ูุน ุตุญููุฉ ููุงุชุจุฉ ูุทุฑุญ ูุญุงูุฑ ุชุชุถูู: - ููู ููุชุจ ูุง ูููููุ - ูุงููุฑู ุจูู ุงูููุงู ุงูููุถูุนู ูุงูุฐุงุชู. - ูุดุงุท ุฌูุงุนู - ุงููุงุน ุงูููุงูุ - ูุดุงุท ูุฑุฏู - ูู ููุช ูุง ุชูุฏ ููููุ,01/29/2024,8:00ู,01/29/2024,10:00ู,ุฏูุงู ุณุนูุฏ,https://firebasestorage.googleapis.com/v0/b/domais-events-management.appspot.com/o/users%2FOma1dyWliBhLrRAvH1KPVpmSOGg1%2Fuploads%2F1707029458064000.mp4?alt=media&token=15f17960-c1f3-471d-b555-8c4a5f28eeda
Marketing2@ratio.sa,ูููู ุฑูุดูู,-,-,ุงูุฑูุงุถ,ุงูุฑูุงุถ,ูุณุงููุฉ,ูู ุดุงุนุฑุง,ุชูุนูู ุงูุดุนุฑ ูู ุงูุดุฑูุฉ ููุน ุงูููุธููู,1/8/2024,8:00ู,1/8/2024,10:00ู,-,https://firebasestorage.googleapis.com/v0/b/domais-events-management.appspot.com/o/users%2FOma1dyWliBhLrRAvH1KPVpmSOGg1%2Fuploads%2F1704711547714000.jpeg?alt=media&token=f5bc45ad-8ef3-4e3c-b4a2-17843ccb0c28
Marketing2@ratio.sa,ูููู ุฑูุดูู,-,-,ุงูุฑูุงุถ,ุงูุฑูุงุถ,ูุณุงููุฉ,ุชูุฒูุน ูุชูุจ ูููุงุตู ูุชุจ,ูู ูุนุงููุฉ ุงูููุช ูู ุงุญุฏ ูุฑูุนูุง ุชู ุชูุฒูุน ูุชูุจ ููุงุญุธุงุช ุจุชุตููู ุงุฏุจู ุจุงูุงุถุงูุฉ ุงูู ููุงุตู ูุชุจ ููุญุถูุฑ,09/26/2023,8:00ู,09/26/2023,10:00ู,-,https://firebasestorage.googleapis.com/v0/b/domais-events-management.appspot.com/o/users%2FOma1dyWliBhLrRAvH1KPVpmSOGg1%2Fuploads%2F1703678229045000.jpeg?alt=media&token=3b466968-5c4e-490b-96c5-51b926d06c8a
Marketing2@ratio.sa,ูููู ุฑูุดูู,-,-,ุงูุฑูุงุถ,ุงูุฑูุงุถ,ูุณุงููุฉ,ููุงุตู ูุชุจ,ุชูุฒูุน ููุงุตู ูุชุจ ุจุนุจุงุฑุงุช ุงุฏุจูุฉ ูุญูุฒุฉ ูู ูุฑุน ุงูุทุงุฆู,9/1/2023,8:00ู,9/1/2023,10:00ู,-,https://firebasestorage.googleapis.com/v0/b/domais-events-management.appspot.com/o/users%2FOma1dyWliBhLrRAvH1KPVpmSOGg1%2Fuploads%2F1701600051944000.jpeg?alt=media&token=575eb896-9aed-4eb8-bd40-cf70a555d454
Marketing2@ratio.sa,ูููู ุฑูุดูู,-,-,ุงูุฑูุงุถ,ุงูุฑูุงุถ,ูุณุงููุฉ,ุฃุญุฌูุฉ ุจููุบ,ุจุงูุชุนุงูู ูุน ุฌูุนูุฉ ูุฑุทุจุฉ ูููุฑุงุกุฉ ุชู ุชูุฒูุน 150 ูุฑุช ูู ุงูุงุญุฌูุงุช ุงูุฃุฏุจูุฉ ุนูู ุงุญุฏ ูุฑูุนูุง ุญูู ุงูููููุฉ ููู (ุงููุงุฎุฑูุฉ ุงูุฏูุงู - ุงูุฑุงูุฉ ุงูุฎุจุฑ),09/19/2023,8:00ู,09/19/2023,10:00ู,-,https://firebasestorage.googleapis.com/v0/b/domais-events-management.appspot.com/o/users%2FOma1dyWliBhLrRAvH1KPVpmSOGg1%2Fuploads%2F1703140687199000.jpeg?alt=media&token=5906b438-bf47-4781-b04c-6ee492c368a5
sarmadii.sa0@gmail.com,ูููู ุณุฑูุฏู,-,-,ุฌุงุฒุงู,ุฌุงุฒุงู,ูุณุงููุฉ,ููุชุจุฉ,ููุชุจุฉ ุชูุฏู ุงูู ุงููุฑุงุกุฉ,09/17/2023,8:00ู,09/17/2023,10:00ู,ูุงุทูู ุนูู - ุนุจุฏุงูุนุฒูุฒ ุทูุงุด,https://youtube.com/shorts/IFQlArvDupE?si=jkVvRqb00sYsLJQt
info@sekkat-alkaif.com,ูููู ุณูุฉ ุงูููู,ุฌูุณุฉ ุญูุงุฑูุฉ,ุงููุซุฑ ุงูุบูุฑ ุฎูุงูู,ุงูููุทูุฉ ุงูุดุฑููุฉ,ุงูุฏูุงู,ูุนุงููุฉ,ุฃูุณูุฉ ุดุนุฑูุฉ ูุทููุฉ,ุฃุฏูู ุงูุฃูุตุงุฑู - ุฒูุฑุงุก ุงูุดููุงูู - ุนุจุฏุงููุญุณู ุงูุดูุฑู - ุนุจุฏุงูููุงุจ ุงููุงุฑุณ - ูุฏู ุงููุจุงุฑู,09/23/2023,8:00ู,09/23/2023,10:00ู,ุนุจุฏุงูุนุฒูุฒ ุงูุณููุฏุงู,https://we.tl/t-6aM2iBi4yI
info@sekkat-alkaif.com,ูููู ุณูุฉ ุงูููู,ุฌูุณุฉ ุญูุงุฑูุฉ,ุงุฏุจ ุงูุฃุทูุงู ูุงููุงูุนูู,ุงูููุทูุฉ ุงูุดุฑููุฉ,ุงูุฏูุงู,ูุนุงููุฉ,ุจููู ุณุนูุฏู,ุงุณุชุถุงูุฉ ูุงุชุจ ุณุนูุฏู ููุชุนุฑูู ุจูุคููุงุชู ูุงุณุชุนุฑุงุถ ูุญุชูุงูุง,09/19/2023,8:00ู,09/19/2023,10:00ู,ุนุจุฏุงูููุงุจ ุงููุงูู,https://we.tl/t-4F3uDuNsam
info@sekkat-alkaif.com,ูููู ุณูุฉ ุงูููู,-,-,ุงูููุทูุฉ ุงูุดุฑููุฉ,ุงูุฏูุงู,ูุณุงููุฉ,ูููุฉ ูุญุฑู,ุฅูุงูุฉ ุฑูู ููุชุจุฉ ูู ุงููููู ุฏุงุฆู,09/30/2023,8:00ู,09/30/2023,10:00ู,-,https://we.tl/t-O4bdcjCXct
info@sekkat-alkaif.com,ูููู ุณูุฉ ุงูููู,-,-,ุงูููุทูุฉ ุงูุดุฑููุฉ,ุงูุฏูุงู,ูุณุงููุฉ,ูุญูู ููุญูู,ุงูุงุญุชูุงุก ุจุงูููู ุงููุทูู ุงูุณุนูุฏู ุนู ุทุฑูู ุชูุฒูุน ูุงุตู ูุชุงุจ ููุฏูู ูุชุนููุฉ ุจุงูููู ุงููุทูู,09/23/2023,8:00ู,09/23/2023,10:00ู,-,https://we.tl/t-KrHqcCNUNp
info@sekkat-alkaif.com,ูููู ุณูุฉ ุงูููู,ุฌูุณุฉ ุญูุงุฑูุฉ,ุงููุซุฑ ุงูุบูุฑ ุฎูุงูู,ุงูููุทูุฉ ุงูุดุฑููุฉ,ุงูุฏูุงู,ูุนุงููุฉ,ูุงุฏู ุงููุชุงุจ,"ููุงูุดุฉ ูุชุงุจ ุงูุดูุฑ ุจุนููุงู ""ุญูุงุชู"" ูุฃุญูุฏ ุฃููู",10/28/2023,8:00ู,10/28/2023,10:00ู,ุนุจุฏุงูุนุฒูุฒ ุงูุณููุฏุงู,https://drive.google.com/drive/folders/1qpTCY4qXo4k1iOVidrL_Q2xavCHH2Gdh?usp=drive_link
info@sekkat-alkaif.com,ูููู ุณูุฉ ุงูููู,ุฌูุณุฉ ุญูุงุฑูุฉ,ุงุฏุจ ุงูุฃุทูุงู ูุงููุงูุนูู,ุงูููุทูุฉ ุงูุดุฑููุฉ,ุงูุฏูุงู,ูุนุงููุฉ,ูุนุงุฑุถ ุงููุชุจ,ูุญุฏุซูุง ุงูุถูู ุนู ููููุฉ ุงูุงุณุชูุงุฏุฉ ูู ูุนุงุฑุถ ุงููุชุจ- ูุน ุงุณุชุนุฑุงุถ ุดูุก ูู ุชุฌุงุฑุจู,10/17/2023,8:00ู,10/17/2023,10:00ู,ุนุจุฏุงูููู ุงูุนูุงุซู,https://drive.google.com/drive/folders/13kOajjYO39geVFzo1AZjbyiqXL5ll-gd?usp=drive_link
info@sekkat-alkaif.com,ูููู ุณูุฉ ุงูููู,-,-,ุงูููุทูุฉ ุงูุดุฑููุฉ,ุงูุฏูุงู,ูุณุงููุฉ,ุฃุฏุจ ููู,ูุดุงุฑู ุฒูุงุฑ ุงููููู ูู ุงููุงู ุฑุณูุฉ ูุงูุชู ุชุชุถูู ุนุจุงุฑุฉ ุงุฏุจูุฉ,10/1/2023,8:00ู,10/1/2023,10:00ู,-,https://we.tl/t-UDZfySKyaw
info@sekkat-alkaif.com,ูููู ุณูุฉ ุงูููู,-,-,ุงูููุทูุฉ ุงูุดุฑููุฉ,ุงูุฏูุงู,ูุณุงููุฉ,ุฃุฏูุจ ุงูุณูุฉ,ูุดุงุฑู ุฒูุงุฑ ุงููููู ุฃุฌูู ุงูุนุจุงุฑุงุช ุงูุงุฏุจูุฉ ุนู ุงููููุฉ ู ุงูุฃุฏุจ ููุชู ุนุฑุถ ุฃุฌูู ุงูุนุจุงุฑุงุช ุฏุงุฎู ุงููููู,10/1/2023,8:00ู,10/1/2023,10:00ู,-,https://we.tl/t-Lb7denmk8v
sharik.cafe-khb@sharik-hub.com,ูููู ุดุงุฑู,ุฌูุณุฉ ุญูุงุฑูุฉ,ุงููุซุฑ ุงูุฎูุงูู,ุงูุฑูุงุถ,ุงูุฑูุงุถ,ูุนุงููุฉ,ุชุฏุดูู ูุชุงุจ ูู ุนููุงู ุงูููุฉู,ุชุฏุดูู ูุชุงุจ ูู ุนููุงู ุงูููุฉู,09/16/2023,8:00ู,09/16/2023,10:00ู,ุนูู ุงูุฏููุงูู,https://drive.google.com/drive/u/0/folders/11cpAuPq1UNgsOemLABWWHnbWjGbmGNG5
sharik.cafe-khb@sharik-hub.com,ูููู ุดุงุฑู,-,-,ุงูุฑูุงุถ,ุงูุฑูุงุถ,ูุณุงููุฉ,ูุนุฑุถ ุชุจุงุฏู ุงููุชุจ ุงููุณุชุนููุฉ ,-,09/30/2023,8:00ู,09/30/2023,10:00ู,ูุงุฏู ุงูุฑุฃูู,https://drive.google.com/drive/u/1/folders/176MWXSc_SBm6LWAHI2S8uEhTecHYOp3j
sharik.cafe-khb@sharik-hub.com,ูููู ุดุงุฑู,-,-,ุงูุฑูุงุถ,ุงูุฑูุงุถ,ูุณุงููุฉ,ุงุตูุน ููุชุงุจู ุฌูุงุญูู,ูุฅุซุฑุงุก ุงูุจูุฆุฉ ุงูุซูุงููุฉ ูู ุดุงุฑู ูุงููุฉ ููุงุญูุงุก ููุชุจุฉ ุงููููู ูุณุนู ูู ูุฐู ุงููุณุงููุฉ ุฃู ูุฌุนู ุงููุชุจ ุชุญูู ูุชุทูุฑ ุจูู ุงููุงุณ ุญูุซ ุฃู ุงููุงุฑุฆ ูุถุน ูุชุงุจ ูู ุงูููุชุจุฉ ููุฃุฎุฐ ููุงูู ูุชุงุจูุง ุขุฎุฑ,02/28/2024,8:00ู,02/28/2024,10:00ู,,
t90pls@gmail.com,ูููู ุดุงู ุงูุชุณุนูู,ุฌูุณุฉ ุญูุงุฑูุฉ,ุงููุซุฑ ุงูุฎูุงูู,ุงูููุทูุฉ ุงูุดุฑููุฉ,ุญูุฑ ุงูุจุงุทู,ูุนุงููุฉ,ุงูุญูู ุงูููุณูุฉ ูููุงุฑูุก,ุชูููุฉ ุนูููุฉ ูููููุฑ ุงููุจุชุฏูุก ูููููุฉ ุงููุฑุงุกุฉ ูููุงุฐุง ููุฑุฃ ูููู ููุฑุฃ ุงููุงุฑูุก ุจูุง ุฃู ุงููุงุณ ูุฏ ุฃูุจููุง ุนูู ุงููุฑุงุกู ุญูุงู ุนูููุง ุชูุถูุญ ุทุฑู ุงููุฑุงุกุฉ ุงูุณุฑูุนุฉ ูุงูุจุตุฑูุฉ ูุฃููุงุน ุงููุฑุงุกุงุช ููู ููุฒู ูููุงุฑูุก ุงูุญูุธ ุฃู ูุงููุฒู,9/12/2023,8:00ู,9/12/2023,10:00ู,ุงููุณุชุดุงุฑ ูุงูุงุฏูุจ ุฎุงูุฏ ุงูููุจู,https://drive.google.com/file/d/1XOwaOrwmVBYc_N0b2Fj9Q5NFF_vQ3BFX/view?pli=1
sophia.alriyadh@gmail.com,ูููู ุตูููุง,-,-,ุงูุฑูุงุถ,ุงูุฑูุงุถ,ูุณุงููุฉ,ุชูููุน ุงุตุฏุงุฑุงุช,ุชูููุน ุงุตุฏุงุฑุงุช,02/28/2024,8:00ู,02/28/2024,10:00ู,,
saleh6290@gmail.com,ูููู ูุงููุฉ,ุฌูุณุฉ ุญูุงุฑูุฉ,ุงููุซุฑ ุงูุบูุฑ ุฎูุงูู,ุงูุญุฏูุฏ ุงูุดูุงููุฉ,ุนุฑุนุฑ,ูุนุงููุฉ,"ููุฒูุงุก ุงูุญุจ ""ูุตุงุฆุฏ ุญุจ ูุฎุชุงุฑุฉ""",ุงูุดุงุนุฑ ูุญูุฏ ูุนููุจ ููุฒูุงุฆู ุจุงููุทุฑุฉ ูู ุนุงูู ุงูุญุฑู ูุบุฒู ุงููููุงุช ููุฃูู ูุทูุน ูุงููู,10/30/2023,8:00ู,10/30/2023,10:00ู,ูุญูุฏ ุฅุจุฑุงููู ูุนููุจ,https://drive.google.com/drive/folders/1dUOeozN63zGAmFo1pSZAft73mLAYY_eR?usp=drive_link
saleh6290@gmail.com,ูููู ูุงููุฉ,ุฌูุณุฉ ุญูุงุฑูุฉ,ุงููุซุฑ ุงูุบูุฑ ุฎูุงูู,ุงูุญุฏูุฏ ุงูุดูุงููุฉ,ุนุฑุนุฑ,ูุนุงููุฉ,ุจูุงุบุฉ ุงูุฅุนุงูุฉ: ูู ุงูุชุญุฏูู ุฅูู ุงูุชุฃุฑุฌุญ,"ูุนุงูุฌุฉ ุฅุจุฏุงุน ุงูููููููู ูู ุญููู ุงููู ุงูุชุดูููู ูุงูุดุนุฑุ ูู ุซูุงุซุฉ ูุญุงูุฑ ุฑุฆูุณุฉ:
- ููููุฉ ุธููุฑ ุงูุชุญุฏูู ูู ุชุฌุฑุจุฉ ุงูููุงูุฉ ุงูุชุดููููุฉ ุงูุณุนูุฏูุฉ ููุฑุฉ ุงูุญููุฏ.
- ููููุฉ ุธููุฑ ุงูุชุฃุฑุฌุญ ูู ุชุฌุฑุจุฉ ุงูุดุงุนุฑ ุงููููุชู ุตูุฑ ุงูุดุจูุจ.
- ุชุฑููุจ ุจูู ุงูุชุญุฏูู ูุงูุชุฃุฑุฌุญุ ูุชุญุฏูุฏ ุขุซุงุฑ ุฐูู.",10/31/2023,8:00ู,10/31/2023,10:00ู,ูุนุฌุจ ุงูุนุฏูุงูู,https://drive.google.com/file/d/18DzJO-AGmtjEydKCljKrKrqo6vcwJZt_/view?usp=drive_link
saleh6290@gmail.com,ูููู ูุงููุฉ,-,-,ุงูุญุฏูุฏ ุงูุดูุงููุฉ,ุนุฑุนุฑ,ูุณุงููุฉ,ูุณุงููุฉ ุงููุงุจ ุนุงู ุงูุงุจู,-,02/21/2024,8:00ู,02/21/2024,10:00ู,-,https://drive.google.com/drive/folders/1-haJoUAkrhI-ZnJNQpi6wdxBMkFnlanP?usp=drive_link
saleh6290@gmail.com,ูููู ูุงููุฉ,-,-,ุงูุญุฏูุฏ ุงูุดูุงููุฉ,ุนุฑุนุฑ,ูุณุงููุฉ,ุชูููุน ูุชุงุจ ุงูุถุฌูุฌ ุงููุจูุฌ,-,02/22/2024,8:00ู,02/22/2024,10:00ู,-,https://drive.google.com/drive/folders/1-aqncCiBXrg4DyuDulYyOVRFNTcVm20B?usp=drive_link
saleh6290@gmail.com,ูููู ูุงููุฉ,-,-,ุงูุญุฏูุฏ ุงูุดูุงููุฉ,ุนุฑุนุฑ,ูุณุงููุฉ,ูุณุงููุฉ ุชูููุน ูุชุงุจ ูุฏู ุนุจุฏุงูุนุฒูุฒ,-,02/15/2024,8:00ู,02/15/2024,10:00ู,-,https://drive.google.com/drive/folders/1-YsheThIiNPilNGHosGibCJP4xfUA36j?usp=drive_link
mona_alhowidi@hotmail.com,ูููู ูุฑูุซ,ุดุนุฑ,ูุจุทู,ุชุจูู,ุชุจูู,ูุนุงููุฉ,ุตุญููุฉ ูุฑูุซ,ููุงูุงุช ูุชุงุจ ูุฑูุซ ูู ุงูู ุธููุฑ ููู,10/31/2023,8:00ู,10/31/2023,10:00ู,ููู ุงููููุฏู,ุงูุชูุซูู
mona_alhowidi@hotmail.com,ูููู ูุฑูุซ,ุฌูุณุฉ ุญูุงุฑูุฉ,ุงููุซุฑ ุงูุบูุฑ ุฎูุงูู,ุชุจูู,ุชุจูู,ูุนุงููุฉ,ุตููููููุฌูุง,ุงููุชุงุจุฉ ูู ุงูุชุฏูู ุงููุงูุญุฏูุฏ ููุฃููุงุณ ูุงูุชุดูู ุงูุนุทุฑู ููุนู ูุง ููุตุงุน ููููุงูุจ ููุง ูุญุชูู ุณูู ุงูุจูุญ ุงูุดุงุณุน ุงููุณููู ุจุงููุนุงูู ุงูุฌุฏูุฏุฉุ ูู ููุง ูููู ุฃู ุชููู ุงููุชุงุจุฉ ูุญุธุฉ ููุงุฏุฉ ุฌุฏูุฏุฉ ูููุณู ูุฑุญ ุฌุฏูุฏ,10/15/2023,8:00ู,10/15/2023,10:00ู,ุฏ.ูุงูู ุงูุฌููู,ุงูุชูุซูู
mona_alhowidi@hotmail.com,ูููู ูุฑูุซ,ุฌูุณุฉ ุญูุงุฑูุฉ,ุงูุดุนุฑ,ุชุจูู,ุชุจูู,ูุนุงููุฉ,ููุงู ูุงุจูู ุงูููุณูุฉ ูุงูุงุฏุจ,ุชุนุฒูุฒุง ูุฏูุฑูุง ูุดุฑูู ุงุฏุจู ููุฏู ูุฐู ุงูููุงูุฉ ุจููู ุณุฑุงุจ ุงูููุงุฑ.. ููุงู ุงู ุงูุฃุฏุจ ูุงูููุณูุฉ ูุณูุฑุงู ุฌูุจูุง ุฅูู ุฌูุจุ ูููุฏุงููุง ุฅูู ุงููุฌูุฉ ููุณูุงุ ููุฐุง ุตุญูุญ ูุฃู ุงูุฃุฏุจ ูุงูููุณูุฉ ูุชุดุงุฑูุงู ูู ุงูุนุฏูุฏ ูู ุงูุฃููุงุฑ ูุงูููุงููู,11/29/2023,8:00ู,11/29/2023,10:00ู,ุณุฑุงุจ ุงูููุงุฑ,https://x.com/growthcaffe/status/1730208751829897610?s=46&t=E4-yccN-3KyD7mD3JFdehw
mona_alhowidi@hotmail.com,ูููู ูุฑูุซ,-,-,ุชุจูู,ุชุจูู,ูุณุงููุฉ,ููููุง ุนูู ุงูุงุฏุจ,ุญูุงุฑ ุญูู ุงูุงุฏุจ ุงูุนุฑุจู ูู ุงูุนุตุฑ ุงูุฌุงููู ุงูู ุงูุนุตุฑ ุงูุญุฏูุซ ููุงูุฐู ูุฌุจ ุนูู ุงูุงุฏูุจ ุงู ูุนุฑูู ูู ุนุตูุฑ ูุชูุงุฑุงุช ูุดุฎุตูุงุช ูู ูู ุนุตุฑ,01/25/2024,8:00ู,01/25/2024,10:00ู,ูููุญ ุงูุจููู,https://drive.google.com/drive/folders/1FGNJUBIogM2wr_IcIj8vJSiCj1zvQg4B
mona_alhowidi@hotmail.com,ูููู ูุฑูุซ,-,-,ุชุจูู,ุชุจูู,ูุณุงููุฉ,ุงููุฑุงุกุฉ ูู ุงููุจูุฉ ุงูุชู ุชุจูู ุจูุง ุงูุญุถุงุฑุงุฉ,ุชุนุฒูุฑ ูููุฉ ุงูุงุฏุจ ูุงูุซูุงูุฉ ุชุนุงููุง ูุน ููุตุฉ ูููุงุดู ูููุญุชูู ุงููุฑุฆู ูุงูููุฑูุก ููุญุฏูุซ ุนูุง ููุฏูู ูุฑูุซ,2/1/2024,8:00ู,2/1/2024,10:00ู,,https://drive.google.com/drive/folders/1nWNNC_tyBiU9pedcqDyH9Zb-pHf6e2ys?usp=share_link
m.alshikh1990@gmail.com,ูููู ูุบุฉ ุงููููุฉ,-,-,ููุฉ ุงูููุฑูุฉ,ููุฉ ุงูููุฑูุฉ,ูุณุงููุฉ,ูุชุฌุฑ ููุชูุจ,ุงูุชุนุงูู ูุน ูุชุฌุฑ ููุชูุจ ูุจูุน ุงููุชุจ ูู ุชูุฏูู ุฎุตู 10% ูุฑูุงุฏ ุงููููู,10/16/2023,8:00ู,10/16/2023,10:00ู,-,https://x.com/coffee_language/status/1713875195084038349?s=20
ceo@mukhmal.sa,ูููู ูุฎูู,ุดุนุฑ,ูุจุทู,ุฌุงุฒุงู,ุฌุงุฒุงู,ูุนุงููุฉ,ุญูุงุฑุงุช ุดุนุฑูุฉ,ุญูุงุฑุงุช ุจูู ุงูุดุนุฑ ูุงูุงุฏุจ,09/28/2023,8:00ู,09/28/2023,10:00ู,ุงุจุฑุงููู ุญููุงุด,https://drive.google.com/drive/folders/1-m9yrvaiiqxWlwWQFpfBlDefX_Mo85iR
ceo@mukhmal.sa,ูููู ูุฎูู,ุฌูุณุฉ ุญูุงุฑูุฉ,ุงููุซุฑ ุงูุบูุฑ ุฎูุงูู,ุฌุงุฒุงู,ุฌุงุฒุงู,ูุนุงููุฉ,ุซูุงูุฉ ุงูุชุทูุน,,12/9/2023,8:00ู,12/9/2023,10:00ู,ุฌุจุฑูู ุงููุจู,https://drive.google.com/drive/folders/1-WAuFx6h-KlEl7rMAX40EgJ6u-pJq-GS
ceo@mukhmal.sa,ูููู ูุฎูู,ุฌูุณุฉ ุญูุงุฑูุฉ,ุงูุดุนุฑ,ุฌุงุฒุงู,ุฌุงุฒุงู,ูุนุงููุฉ,ุฌูุณุฉ ุญูุงุฑูุฉ,ุงูุงูุณุงู ู ูุฏู ูุนุฑูุชู ุจุงูููุงููู,01/26/2024,8:00ู,01/26/2024,10:00ู,ูุญูุฏ ุงูุฎุซุงูู,https://drive.google.com/drive/folders/1-obRyIgwoPlhun7JetQ1jV42w7XHfijc
ceo@mukhmal.sa,ูููู ูุฎูู,ุฌูุณุฉ ุญูุงุฑูุฉ,ุงููุซุฑ ุงูุบูุฑ ุฎูุงูู,ุฌุงุฒุงู,ุฌุงุฒุงู,ูุนุงููุฉ,ุฌูุณุฉ ุญูุงุฑูุฉ ุซูุงูุฉ ุงูููุงุฏุฉ,ุซูุงูุฉ ุงูููุงุฏุฉ ูุงูุงุฏุงุฑุฉ ู ูุทุงู ุงููุฑู ุจูููู,02/23/2024,8:00ู,02/23/2024,10:00ู,ูุฏู ูููุฉ,https://drive.google.com/drive/folders/10iJeHW6uBcyISVUuD09RdmeJu9-MsR1Z
aminh@nawatcoffee.com,ูููู ููุงุฉ,ุดุนุฑ,ูุจุทู,ุนุณูุฑ,ุงุจูุง,ูุนุงููุฉ,ุฃูุณูุฉ ุดุนุฑูุฉ | ุงูุฃุฏูุจุฉ ุงูุดุงุนุฑุฉ ุฏูุงู ุงููุญุทุงูู | ุณูุงูุญ ุงูุดุนุฑ ุงููุจุทู,ุงูุดุนุฑุงููุจุทู ูู ุฃูุซุฑ ุตูุฑ ุงูุฃุฏุจ ุงูุดุนุจู ุซุฑุงุกูุ ููุง ูุนุชุจุฑ ูุฑุขุฉ ููุงูุน ุงูุญูุงุฉ ุงูููููุฉ ุ ุชุฎุจุฑูุง ุงูุดุงุนุฑุฉ ุฏูุงู ุงููุญุทุงูู ุนู ุณูุงูุญ ุงูุดุนุฑ ุงููุจุทู .,01/31/2024,8:00ู,01/31/2024,10:00ู,ุฏูุงู ุงููุญุทุงูู,https://drive.google.com/drive/folders/10YhH_DluAt7KS1RqF-uDtlkr7aiRkUS2
aminh@nawatcoffee.com,ูููู ููุงุฉ,ุฌูุณุฉ ุญูุงุฑูุฉ,ุงููุซุฑ ุงูุบูุฑ ุฎูุงูู,ุนุณูุฑ,ุงุจูุง,ูุนุงููุฉ,"ุฌูุณุฉ ุญูุงุฑูุฉ | ุชุฏุดูู ูุชุงุจ ุงูุนุจูุฑ ุงูุฑูุงุฏู , ูุชุงุจ ููุฏู ูุฏุฑุณ ููุงุฑุจุฉ ูู ุงููุตุฉ ุงููุตูุฑุฉ ุฌุฏุง ูุน ูุตูุฏุฉ ุงููุซุฑ ู ูุฏุฑุณ ุงูููุงุทู ุงููุชุนุงููุฉ ุจููููุง | ุงููุงุชุจุฉ ุฃ.ุฃูู ุงูุดุจูุงู | ุฃูููุฉ ุฏุนู ุงููุงุชุจ ุงูุณุนูุฏู","ูููุฏูุช ุงููููุตุฉ ุงููุตูุฑุฉ ุฌูุฏููุง ููููุตูุฏูุฉ ุงููููุซูุฑ ููุชุชูุงุดู ูุน ุญุงุฌุงุช ุงูุนุตูุฑ ุงูุณููุฑูุนุฉ ุ ููููู ุฏูุฑุงุณุฉ ูููุฏููุฉ ุชูุถูููููุง ููุชูุงุจ "" ุงููุนูุจูุฑ ุงููุงุฏููููู "" ูููููุงุชุจุฉ : ุฃูู ุงูุดููุจููุงู ุชููุงูุดููุง ุงููุงุชุจุฉ ููู ููููุงุฉ ุงูุชู ูุทุงููุง ุฏุนูุช ุงููุงุชุจ ุงูุณููุนูุฏููู .",2/10/2024,8:00ู,2/10/2024,10:00ู,ุง.ุงูู ุงูุดุจูุงู,https://drive.google.com/drive/folders/10iCnzPoop6yFF8ylOPxxc6cFFvGTnE70
aminh@nawatcoffee.com,ูููู ููุงุฉ,ุฌูุณุฉ ุญูุงุฑูุฉ,ุงูุดุนุฑ,ุนุณูุฑ,ุงุจูุง,ูุนุงููุฉ,ุฌูุณุฉ ุญูุงุฑูุฉ |ุจุญูุฑ ูู ุงูุชุนููู ุงูุตูุชู,ูุง ุชุทุฑุจ ูุณุงูุนูุง ุจุงูุฃุฏุจู ุงูุนุฑุจู ููุง ุชุธูุฑ ุฌูุงููุชู ุฅูุง ุจุงูุชุนููู ุงูุตูุชู,02/28/2024,8:00ู,02/28/2024,10:00ู,ุงุญูุฏ ุงููุนูุฏู,https://drive.google.com/drive/folders/11H_G1LTFz-Sc8Fr-a-xP-jpPMqaRCeD7
aminh@nawatcoffee.com,ูููู ููุงุฉ,ุฌูุณุฉ ุญูุงุฑูุฉ,ุงููุซุฑ ุงูุบูุฑ ุฎูุงูู,ุนุณูุฑ,ุงุจูุง,ูุนุงููุฉ,ุดุฐุฑุงุช ุซูุงููุฉ ุจุงูุดุฑุงูุฉ ูุน ูุงุฏู ูุฌูุฏ ุงูุซูุงูู,ุดุฐุฑุงุชู ุซูุงููุฉู ููุณุชูุงุฉ ูู ุซูุงูุฉ ุจูุฏ ูุดุฏู ููุง ุงูุฑุญุงู ุูุงูุชุนุฑู ุนูู ุงููุณุชููุฑ ูู ุงููุฌุชูุน ููุงููุฉ ุฏูุฑู ุจุงูุดุฑุงูุฉ ูุน ูุงุฏู ูุฌูุฏ.,03/25/2024,8:00ู,03/25/2024,10:00ู,ุงููุงู ูุญูุฏ ุฅุจุฑุงููู,https://drive.google.com/drive/folders/11WHLIDjx6KNZSFXZewz22mNcTubg3Qdp?usp=drive_link
aminh@nawatcoffee.com,ูููู ููุงุฉ,ุฌูุณุฉ ุญูุงุฑูุฉ,ุงููุซุฑ ุงูุบูุฑ ุฎูุงูู,ุนุณูุฑ,ุงุจูุง,ูุนุงููุฉ,ุชุฏุดูู ูุชุงุจ ูุณุงุญุงุช ูู ุงููุฏ,"ุจููู ุฏููุชูู "" ููุณุงุญูุงุช ููู ุงููููุฏ "" ูุตูุต ุงุฏุจูุฉ ูุซุฑูุฉ ุฃุชุช ุจูุนุฏ ุฎูุถ ุชูุฌุงุฑูุจ ุฃูุฎุฐูุช ููุชูุง ููุชูุถุฌ ุ ูุชุจููุง ุฏ . ุนูู ุงูุณุญุงุฑู ุจูุฃุณููุจ ุฃูุฎููู ููููุก ุจูุงููุฏูู .",04/19/2024,8:00ู,04/19/2024,10:00ู,ุนูู ุงุญูุฏ ุงูุณุญุงุฑู,https://drive.google.com/drive/folders/12-UFjEYwgp0gNlUtgoLbh1z2x9MvXtC_
aminh@nawatcoffee.com,ูููู ููุงุฉ,ุฌูุณุฉ ุญูุงุฑูุฉ,ุงููุซุฑ ุงูุบูุฑ ุฎูุงูู,ุนุณูุฑ,ุงุจูุง,ูุนุงููุฉ,"ูุณุงููุฉ ุฎุงุฑุฌูุฉ | ุจุงูุดุฑุงูุฉ ูุน ููุฏ ูุงุจ , ูุณุงุญุฉ ุฅููุงู ุฌุงูุนุฉ ุงูููู ุฎุงูุฏ , ูุณุงุญุฉ ูุชุณุฎูุฑ ุงูุชูููุฉ ูููุฑุงุก",ุณูุทุชู ุงูุชูููุฉ ุนูู ูุงูุฉ ุงูุฃุตุนุฏุฉ ู ุญุชู ุนูู ุตุนูุฏ ุงูููุฑุงุกุฉุ ูุงุจุชูุฑ ุงูุชููููู ุณูุจูุงู ูุชุณุฎูุฑ ุงูุชูููุฉ ููููุฑุงุก ุญุชู ููุฒุฎูุฑ ูู ุญูุธูุธ ูุงุฒุฏูุงุฑ ุงููุชุงุฌ ุงูุฃุฏุจู ูุงูุซูุงูู.,10/30/2023,8:00ู,10/30/2023,10:00ู,ุฑููุง ุนุจุฏุงูุนุฒูุฒ,https://drive.google.com/drive/folders/12KMP9p6Avt_SRp9tU2xz1bDhyhyddMe0?usp=drive_link
aminh@nawatcoffee.com,ูููู ููุงุฉ,-,-,ุนุณูุฑ,ุงุจูุง,ูุณุงููุฉ,ูุณุงููุฉ,ูุณุงููุฉ ุฃุฏุจูุฉ | ุทุจุงุนุฉ ุจูุฑ ููุฉ ุดุนุงุฑ ุงูุดุฑูู ุงูุฃุฏุจู ู qr ูููุตูู ูุฑุฒูุงูุฉ ุงููุนุงููุงุช,10/4/2023,8:00ู,10/4/2023,10:00ู,,https://drive.google.com/drive/folders/12aK6hjKcxF10xVp5nb7U4QRS5nr1ucZM?usp=drive_link
aminh@nawatcoffee.com,ูููู ููุงุฉ,-,-,ุนุณูุฑ,ุงุจูุง,ูุณุงููุฉ,ูุณุงููุฉ,ูุณุงููุฉ ุฃุฏุจูุฉ | ุทุจุงุนุฉ ูุฑุช ุจุชุตููู ูููุฒ ูุชูุฏููุฉ ูุน ุชูุฒูุนุงุช ุงููููุฉ | ููู ุนุจุงุฑุฉ ุงุฏุจูุฉ ููุชุจุณุฉ ู qr ูููุตูู ูููุนุงููุงุช,10/14/2023,8:00ู,10/14/2023,10:00ู,,https://drive.google.com/drive/folders/12aK6hjKcxF10xVp5nb7U4QRS5nr1ucZM?usp=drive_link
aminh@nawatcoffee.com,ูููู ููุงุฉ,-,-,ุนุณูุฑ,ุงุจูุง,ูุณุงููุฉ,ูุณุงููุฉ ุฃุฏูุจุฉ,ูุณุงููุฉ ุฃุฏุจูุฉ | ุชูุฏูู ุดูุงุฏุฉ ุดูุฑ ู ุชูุฏูุฑูุทุจูุนุฉ ุนุฏุฏ 55 ูุฌููุน ุงูุงุทูุงู ูุญุถูุฑ ูุนุงููุฉ ุงูุญููุงุชู ุงูุตุบูุฑ ูุบุงูุฉ ุชุญููุฒูู,10/28/2023,8:00ู,10/28/2023,10:00ู,,https://drive.google.com/drive/folders/12aK6hjKcxF10xVp5nb7U4QRS5nr1ucZM?usp=drive_link
root@callofculture.com,ูููู ููู,ุดุนุฑ,ูุจุทู,ููุฉ ุงูููุฑูุฉ,ุฌุฏุฉ,ูุนุงููุฉ,ูุงุฌู ุฌุงูุจู ุงููุธูู,ููุงูุดุฉ ุงููุตู ุงูุชุงุณุน ูู ูุชุงุจ ููุงููู ุงูุทุจูุนุฉ ุงูุจุดุฑูุฉ ูููุงุชุจ ุฑูุจุฑุช ุบุฑูุจ,9/2/2023,8:00ู,9/2/2023,10:00ู,ูุงูู ุนุทุงุฑ,https://drive.google.com/drive/folders/1OrETh2YTkWI2_0WR0YSe0OD5CPzmZvmf?usp=drive_link
root@callofculture.com,ูููู ููู,ุฌูุณุฉ ุญูุงุฑูุฉ,ุงููุซุฑ ุงูุบูุฑ ุฎูุงูู,ููุฉ ุงูููุฑูุฉ,ุฌุฏุฉ,ูุนุงููุฉ,ุงูุตุงููู ุงูุซูุงูู: ุฅุฏุงุฑุฉ ุงูููุธููุฉ ุงูุนูููุฉ,ููู ุชูุชุดู ุงูุฃููุงุฑ ุงููููุฏุฉ ูููู ุชุชุฎูุต ูููุง,09/20/2023,8:00ู,09/20/2023,10:00ู,ุฏ.ุนุจุฏุงููู ูุงุฏู,https://drive.google.com/drive/folders/1A53gLosrnfcshi8uryTdFNn9P3P05fhR?usp=sharing
root@callofculture.com,ูููู ููู,ุฌูุณุฉ ุญูุงุฑูุฉ,ุงูุดุนุฑ,ููุฉ ุงูููุฑูุฉ,ุฌุฏุฉ,ูุนุงููุฉ,ูุฌูุงู ูุนููุฉ ูุงุญุฏุฉ .. ุงูุญุจ,ุนุฑุถ ููุตุงุฆุฏ ูู ุงุตุฏุงุฑุงุช ุงุฏุจูุฉ ุณุงุจูุฉ ููุงุฏุจูุงุช ุงููุงู ุจูุฑ ู ุฏ.ุงููุงู ุงุดูุฑ. ุญูุงุฑ ุดุนุฑู ุชุจุงุฏู ูุตุงุฆุฏ ุนู ุงูุญุจ ุจูู ููุงุฑูุงุชู,01/15/2024,8:00ู,01/15/2024,10:00ู,ุฏ.ุงููุงู ููุงุฌู ุงุดูุฑ,https://drive.google.com/drive/folders/1AbFrDNSqfddUcDnB7zBO-30Khn-VDy08?usp=drive_link
root@callofculture.com,ูููู ููู,ุฌูุณุฉ ุญูุงุฑูุฉ,ุงููุซุฑ ุงูุบูุฑ ุฎูุงูู,ููุฉ ุงูููุฑูุฉ,ุฌุฏุฉ,ูุนุงููุฉ,"ูููุงุด ูุชุงุจ ""ููุฉ ุงูุขู"" ูููุงุชุจ ุงููุงุฑุช ุชูู",ุฌูุณุฉ ููุงุด ูุน ุฃุญูุฏ ุดูู ุชูุงูุดู ุฑุจุงุจ ุญุฌุงุฑ ุญูู ููุฉ ุงูุฃู ูู ุชุบูุฑ ุงูููุฑ ุงูุฃุฏุจู ูุงูุชุบููุฑ ุงูุดุฎุตู.,02/16/2024,8:00ู,02/16/2024,10:00ู,ุฑุจุงุจ ุญุฌุงุฑ,https://drive.google.com/drive/folders/14lVwj3Q6InjsZSIgOBlPPTsuhPmyYQQ7?usp=drive_link
root@callofculture.com,ูููู ููู,ุฌูุณุฉ ุญูุงุฑูุฉ,ุงููุซุฑ ุงูุบูุฑ ุฎูุงูู,ููุฉ ุงูููุฑูุฉ,ุฌุฏุฉ,ูุนุงููุฉ,ููุงุด ูุชุงุจ ุนุจูุฑ ูุตุฉ ุฑุญูุฉ ูุน ุงูุตุจุฑ,ูุตุฉ ูุณุชูุญุงุฉ ูู ุฃุญุฏุงุซ ุญููููุฉุ ูุญูู ูููุง ุงููุงุชุจ ุฑุญูุฉ ุตุจุฑ ูุงูุฏูู ุฃุจุทุงู ุฃุซูุงุก ุฅุตุงุจุฉ ุฅุจูููุง ุจูุฑุถ ุงูุณุฑุทุงู.,10/17/2023,8:00ู,10/17/2023,10:00ู,ุงููุงุชุจ ุฃุญูุฏ ูุดุฑู,https://drive.google.com/drive/folders/1cGqFwGThG622oLP5sLPflyICS8JmRwTr?usp=drive_link
root@callofculture.com,ูููู ููู,ุฌูุณุฉ ุญูุงุฑูุฉ,ุงููุซุฑ ุงูุบูุฑ ุฎูุงูู,ููุฉ ุงูููุฑูุฉ,ุฌุฏุฉ,ูุนุงููุฉ,ุงูุฎูุงู ุงูุนููู ุงููุนุชู ุจุงูููุณูุฉ,"ูุฑุดุฉ ุงููุชุงุจุฉ ุงูุฅุจุฏุงุนูุฉ ุงูุฃููู : ุงูุฎูุงู ุงูุนููู ุงููุนุชู ุจุงูููุณูุฉ
ูุชู ุงูุชุฏุฑูุจ ุนูู: ูุชุงุจุฉ ูุตุต ุงูุฎูุงู ุงูุนููู - ุฃุดูุงู ูุชูููุงุช ุงููุตุต ุงููุตูุฑุฉ - ุชูููุงุช ูุตุต ุงูุฎูุงู ุงูุนููู ููุณูุฉ ุงูุฎูุงู ุงูุนููู
ููุชุฌ ุนู ูุฌููุนุฉ ุงููุฑุด ูุชุงุจ ูุตุตู ูุถู ุฃุนูุงู ุงููุดุงุฑููู ุงููุฎุชุงุฑุฉ",10/12/2023,8:00ู,10/12/2023,10:00ู,ุฏ. ุฃูุงู ุงูุณููุงูู,https://drive.google.com/drive/folders/1YqWtuDjQ8Q9PnW3_6Xti9OMn7mkSOk3y?usp=drive_link
aghuwainem@outlook.com,ูููู ููุฏ,-,-,ุงูุฑูุงุถ,ุงูุฑูุงุถ,ูุณุงููุฉ,ุฃุฏุจูุงุช ุงููุบุฉ ุงููุงุจุงููุฉ,,09/18/2023,8:00ู,09/18/2023,10:00ู,,ุงูุชูุซูู
hevan1444@gmail.com,ูููู ูููุงู,-,-,ุนุณูุฑ,ูุญุงูู,ูุณุงููุฉ,ูุณุงููู ุงุฌุงููุฏ ูููุงุฒูุฑ ูููุงู ุฑูุถุงููุฉ ุซูุงููุฉ,ูุณุงููุงุช ุงุฌุชูุงุนูุฉ ููุดุฑ ุงููุนู ูุงูุซูุงูุฉ ูุงูุชุนุฑูู ุจุงูุดุฑูู ุงูุงุฏุจู,03/30/2024,8:00ู,03/30/2024,10:00ู,,https://drive.google.com/drive/folders/11mcyhDMDY6j91Xm1MFGCBXCpIBFxi5gc?usp=drive_link
hevan1444@gmail.com,ูููู ูููุงู,-,-,ุนุณูุฑ,ูุญุงูู,ูุณุงููุฉ,ุงูููุชูู ุงููููู ูุซูุงูุฉ ุงูุนูู ุงูุญุฑ,ูุณุงููุงุช ุงุฌุชูุงุนูุฉ ููุดุฑ ุงููุนู ูุงูุชุนุฑูู ุจุงูุดุฑูู ุงูุงุฏุจู,11/28/2023,8:00ู,11/28/2023,10:00ู,ูููู ูููุงู,https://drive.google.com/drive/folders/1wu6hfCggtTuFWYI3cUwTwOAC8Ymag1u9?usp=drive_link
hevan1444@gmail.com,ูููู ูููุงู,-,-,ุนุณูุฑ,ูุญุงูู,ูุณุงููุฉ,ูุณุงููู ูุน ุจูุฏูุฉ ูุญุงูู ุนุณูุฑ,ูุณุงููุงุช ุงุฌุชูุงุนูุฉ ููุดุฑ ุงููุนู ูุงูุชุนุฑูู ุจุงูุดุฑูู ุงูุงุฏุจู,02/25/2024,8:00ู,02/25/2024,10:00ู,,https://drive.google.com/drive/folders/10n1-mg_2eW4BOFK3DrS0selxADT6GBq4?usp=drive_link
hevan1444@gmail.com,ูููู ูููุงู,ุฌูุณุฉ ุญูุงุฑูุฉ,ุงููุซุฑ ุงูุบูุฑ ุฎูุงูู,ุนุณูุฑ,ูุญุงูู,ูุนุงููุฉ,ุชุฃุซูุฑ ุงูุงุฏุจ ุนูู ุงูุตุญุฉ ุงูููุณูุฉ,ูุฏูู ูุญูุงุฑ ุนู ุชุงุซูุฑ ุงูุงุฏุจ,9/10/2023,8:00ู,9/10/2023,10:00ู,ูุญูุฏ ุงููุงุดุฑู,https://drive.google.com/drive/folders/1ooIdqy3byxCL4GxoS__7a3kIOAGYTCfw
hevan1444@gmail.com,ูููู ูููุงู,-,-,ุนุณูุฑ,ูุญุงูู,ูุณุงููุฉ,"ุงูููู ุงูุนุงููู ูููููุฉ , ุชุนุงูู ูุน ุฌููุนุฉ ุฌุณุชุฑ ููุชุฑุจูุฉ ุงูุฎุงุตู ุจุงูููู ุงููุทูู , ูุนุฑุถ ุงููููุฉ ูุงูุดูููุงุชุฉ",ูุณุงููุงุช ุงุฌุชูุงุนูุฉ ููุดุฑ ุงููุนู ูุงูุชุนุฑูู ุจุงูุดุฑูู ุงูุงุฏุจู,09/28/2023,8:00ู,09/28/2023,10:00ู,,https://drive.google.com/drive/folders/1DtuW7AZBLDtNYxkpN89Q0Ila4nD92q5X?usp=drive_link
hevan1444@gmail.com,ูููู ูููุงู,-,-,ุนุณูุฑ,ูุญุงูู,ูุณุงููุฉ,"ุฃูุชูุจุฑ ุงููุฑุฏู , ุฏูุฑู ูุฑุฉ ูุฏู , ููู ุงููุนูู , ูููุฉ ุงูุชูููุฉ ูุจูุงุช",ูุณุงููุงุช ุงุฌุชูุงุนูุฉ ููุดุฑ ุงููุนู ูุงูุชุนุฑูู ุจุงูุดุฑูู ุงูุงุฏุจู,10/29/2023,8:00ู,10/29/2023,10:00ู,-,https://drive.google.com/drive/folders/1sLoqfV6WR1xYpuQdqbEtTcPGbun_nkzB?usp=drive_link
info@shrqcoffee.com,ูููู ู ูุญูุตุฉ ุดุฑู ,ุดุนุฑ,ูุจุทู,ุงูููุทูุฉ ุงูุดุฑููุฉ,ุงูุฎุจุฑ,ูุนุงููุฉ,ูุฏ ุดุบููุง ุญุจุง,ุจูุตุงุฆุฏ ุดุนุฑูุฉ ููุฑุงุฌุฉ ูุฏูุงููู ููุธุฑุฉ ูู ุฃุฏุจ ุงูุฑุญูุฉ ูุน ุงูุฏูุชูุฑ ุงูุฎุถูุฑ,09/30/2023,8:00ู,09/30/2023,10:00ู,ุฏ. ุนุจุฏุงููู ุงูุฎุถูุฑ,https://drive.google.com/file/d/1-neLFqBtMfZiar92XOyB-oXVBhbEfpHu
info@shrqcoffee.com,ูููู ู ูุญูุตุฉ ุดุฑู ,-,-,ุงูููุทูุฉ ุงูุดุฑููุฉ,ุงูุฎุจุฑ,ูุณุงููุฉ,ูุนุฑุถ ุงููุชุงุจ ููุงุกุงุช ูุญูุงุฑุงุช,ูุณุงููุฉ ูู ูููู ุดุฑู ูู ูุนุฑุถ ุงููุชุงุจ ูููุงุกุงุช ูุน ูุชุงุจ ููุซูููู,10/5/2023,8:00ู,10/5/2023,10:00ู,ุฎุงูุฏ ุจู ุญูุจู,https://drive.google.com/drive/folders/10Ac_o8BZYb6Gl9ahcgwtZKURJFu7amFi
info@shrqcoffee.com,ูููู ู ูุญูุตุฉ ุดุฑู ,ุดุนุฑ,ูุจุทู,ุงูููุทูุฉ ุงูุดุฑููุฉ,ุงูุฎุจุฑ,ูุนุงููุฉ,ุฃูุณูุฉ ุดุนุฑูุฉ ุฅูุดุงุฏูุฉ ูุทููุฉ,ูุตุงุฆุฏ ูุบูุงุฉ ูู ุญุจ ุงููุทู ููุดุงุฑูุงุช ูู ุทูุงุจ ุงูุฌุงูุนุฉ,10/1/2023,8:00ู,10/1/2023,10:00ู,ูุงุณุฑ ุงูุนุฌููู ูุนูู ุงูุฒูุฑุงูู,https://drive.google.com/drive/folders/11QvlqXPuwo9foed-FJ66FWSK-6DsQePj
info@shrqcoffee.com,ูููู ู ูุญูุตุฉ ุดุฑู ,ุดุนุฑ,ูุจุทู,ุงูููุทูุฉ ุงูุดุฑููุฉ,ุงูุฎุจุฑ,ูุนุงููุฉ,ุชุฏุดูู ูุชุงุจ ุงููููุฉ ูู ุงูุญุจุฑ,ุชุฏุดูู ูุชูููุน ูููุงูุดุฉ ูุชุงุจ ุงููููุฉ ูููุคูู ุนูู ุงูุฏููุงูู ูุน ุงูููุชููู ูุฃุตุญุงุจ ุงูููุงูู ุงููุฎุชุตุฉ .,11/10/2023,8:00ู,11/10/2023,10:00ู,ุฃ.ุนูู ุงูุฏููุงูู,ุงูุชูุซูู
info@shrqcoffee.com,ูููู ู ูุญูุตุฉ ุดุฑู ,ุดุนุฑ,ูุจุทู,ุงูููุทูุฉ ุงูุดุฑููุฉ,ุงูุฎุจุฑ,ูุนุงููุฉ,ุญูุงุฑุงุช ุฃุฏุจูุฉ ูุงููููุฉ,ุญูุงุฑุงุช ูู ุฃุฏุจ ุงูุนุฏุงูุฉ ูุงููุงููู,03/23/2024,8:00ู,03/23/2024,10:00ู,ูููุฑุฉ ุงูููุตูุฑ / ุชุบุฑูุฏ ุญุฏุงุฏู,https://drive.google.com/drive/folders/1-qndVhxwYDiGs-WyLmuLBhgpju25cBNS
wathbah.cafe.books@gmail.com,ูููู ูุซุจุฉ,ุฌูุณุฉ ุญูุงุฑูุฉ,ุงููุซุฑ ุงูุบูุฑ ุฎูุงูู,ุงูุฑูุงุถ,ุงูุฑูุงุถ,ูุนุงููุฉ,ููุงูุดุฉ ุฑูุงูุฉ ุฑูุฒูุงูุฏู,ููุงูุดุฉ ุฑูุงูุฉ ุฑูุฒูุงูุฏู,02/29/2024,8:00ู,02/29/2024,10:00ู,ูููุฉ ุงูุณุนูุฏู,https://drive.google.com/drive/folders/1Kx0DECIU6rLPg7FKFTk03b6_6QsZtSnY?usp=drive_link
randa.s.h01@hotmail.com,ูููู ูู ุจููุชู,ุฌูุณุฉ ุญูุงุฑูุฉ,ุงููุซุฑ ุงูุบูุฑ ุฎูุงูู,ููุฉ ุงูููุฑูุฉ,ุฌุฏุฉ,ูุนุงููุฉ,"ุณูุณูุฉ ุญูุงูุงุช "" ุตูุฏูู ุงูุญูุงูุงุช"" (9)","ูุนุงููุฉ ูู ุถูู ุณูุณูุฉ ูุนุงููุงุช ุดูุฑูุฉ ููุงุทูุงู ููุชุนุฑู ุนูู ุงูุงุฎุชูุงู ูุชูุจู ุงูุงุฎุชูุงูุงุช 
",2/3/2024,8:00ู,2/3/2024,10:00ู,ุฃ.ุบุฏู ุงูุนูุฑู ,https://drive.google.com/drive/folders/1qT9eL-gJe7QEBuCtULAgwn4wF29t_4Di